City_ID,City,Country,Lat,Lng,Max Temp,Humidity,Cloudiness,Wind Speed,Description
0,Ouesso,CG,1.6136,16.0517,70.68,98,85,1.23,overcast clouds
1,Yellowknife,CA,62.456,-114.3525,27.12,86,100,9.22,light snow
2,Puerto Ayora,EC,-0.7393,-90.3518,73.36,93,98,5.01,overcast clouds
3,Dikson,RU,73.5069,80.5464,16.27,94,100,9.73,overcast clouds
4,Tuktoyaktuk,CA,69.4541,-133.0374,14.0,79,100,16.11,light snow
5,Busselton,AU,-33.65,115.3333,49.86,59,31,13.98,scattered clouds
6,Nanlong,CN,31.3533,106.0631,57.06,88,99,1.41,overcast clouds
7,Hilo,US,19.7297,-155.09,83.25,80,100,5.99,overcast clouds
8,Mataura,NZ,-46.1927,168.8643,63.48,52,76,5.77,broken clouds
9,Itarema,BR,-2.9248,-39.9167,78.84,81,46,19.84,scattered clouds
10,Tasiilaq,GL,65.6145,-37.6368,37.56,99,100,15.14,moderate rain
11,Luderitz,NA,-26.6481,15.1594,58.12,91,44,3.98,scattered clouds
12,Hobart,AU,-42.8794,147.3294,51.26,74,20,8.05,few clouds
13,Avarua,CK,-21.2078,-159.775,78.85,65,40,20.71,scattered clouds
14,Champerico,GT,14.3,-91.9167,83.93,69,98,7.67,overcast clouds
15,Lazaro Cardenas,MX,17.9583,-102.2,83.68,72,6,6.73,clear sky
16,Honiara,SB,-9.4333,159.95,84.24,73,24,3.65,few clouds
17,Ucluelet,CA,48.9329,-125.5528,53.1,91,100,11.03,overcast clouds
18,Georgetown,MY,5.4112,100.3354,81.23,92,40,0.0,scattered clouds
19,Cidreira,BR,-30.1811,-50.2056,68.16,91,100,7.0,overcast clouds
20,Sokoto,NG,13.0609,5.239,79.86,22,0,8.88,clear sky
21,Zhuhai,CN,22.2769,113.5678,74.98,73,20,20.71,few clouds
22,Ponta Do Sol,PT,32.6667,-17.1,72.01,90,98,3.09,overcast clouds
23,Zhigansk,RU,66.7697,123.3711,7.56,86,100,11.05,overcast clouds
24,Hermanus,ZA,-34.4187,19.2345,63.81,77,100,6.87,overcast clouds
25,Airai,TL,-8.9266,125.4092,62.31,90,99,1.79,overcast clouds
26,Fortuna,US,40.5982,-124.1573,70.93,55,0,8.05,clear sky
27,Bluff,NZ,-46.6,168.3333,63.81,59,92,15.59,moderate rain
28,Atuona,PF,-9.8,-139.0333,78.12,71,0,15.43,clear sky
29,Rikitea,PF,-23.1203,-134.9692,74.07,76,97,5.75,light rain
30,Punta Arenas,CL,-53.15,-70.9167,42.12,81,30,27.83,scattered clouds
31,Upernavik,GL,72.7868,-56.1549,15.01,64,51,12.39,broken clouds
32,Prince Rupert,CA,54.3161,-130.3201,51.89,91,100,43.73,overcast clouds
33,Nizhniy Kuranakh,RU,58.8353,125.4869,12.15,94,97,3.8,overcast clouds
34,Barrow,US,71.2906,-156.7887,21.22,93,100,21.85,light snow
35,Albany,US,42.6001,-73.9662,61.21,42,0,1.9,clear sky
36,New Norfolk,AU,-42.7826,147.0587,50.92,59,28,4.36,scattered clouds
37,Brae,GB,60.3964,-1.353,51.53,88,9,16.58,clear sky
38,Kapaa,US,22.0752,-159.319,82.72,72,20,12.66,few clouds
39,Olafsvik,IS,64.8945,-23.7142,43.32,88,100,12.35,overcast clouds
40,Thompson,CA,55.7435,-97.8558,44.76,53,75,3.44,broken clouds
41,Alugan,PH,12.2188,125.4808,80.35,83,100,12.93,overcast clouds
42,Tibacuy,CO,4.3511,-72.4564,81.73,79,95,7.43,moderate rain
43,Pacific Grove,US,36.6177,-121.9166,74.39,63,0,7.0,clear sky
44,Deputatskiy,RU,69.3,139.9,-14.51,99,53,5.73,broken clouds
45,Esperance,AU,-33.8667,121.9,54.25,77,100,18.12,light rain
46,Sao Francisco De Paula,BR,-29.4481,-50.5836,61.34,97,100,4.25,overcast clouds
47,Vila Franca Do Campo,PT,37.7167,-25.4333,64.81,68,100,5.7,overcast clouds
48,Lata,PT,40.1629,-8.3327,63.81,97,100,2.95,overcast clouds
49,Port Elizabeth,ZA,-33.918,25.5701,68.29,68,40,24.16,scattered clouds
50,Anloga,GH,5.7947,0.8973,80.51,82,6,7.25,clear sky
51,Vao,NC,-22.6667,167.4833,74.8,84,61,9.69,broken clouds
52,Pandan Niog,PH,6.2282,120.5631,83.19,78,94,21.03,overcast clouds
53,Saint-Pierre,RE,-21.3393,55.4781,69.91,60,0,4.61,clear sky
54,Svetlogorsk,BY,52.6333,29.7333,52.9,83,100,15.59,overcast clouds
55,Tyup,KG,42.7276,78.3648,40.51,65,81,1.41,broken clouds
56,Kruisfontein,ZA,-34.0033,24.7314,63.88,80,44,15.64,scattered clouds
57,Malakal,SS,9.5334,31.6605,75.33,75,78,4.14,broken clouds
58,Mahebourg,MU,-20.4081,57.7,71.89,88,20,2.3,few clouds
59,Pontian Kecil,MY,1.4801,103.3899,82.02,83,100,6.73,overcast clouds
60,Nyurba,RU,63.2842,118.3319,28.45,89,98,6.89,overcast clouds
61,Tra Vinh,VN,9.9347,106.3453,73.02,95,80,4.18,broken clouds
62,Hithadhoo,MV,-0.6,73.0833,81.01,78,100,12.39,overcast clouds
63,Carutapera,BR,-1.195,-46.02,79.77,80,34,12.06,scattered clouds
64,Leningradskiy,RU,69.3833,178.4167,9.66,90,100,17.69,overcast clouds
65,Belaya Gora,RU,68.5333,146.4167,-2.27,99,99,3.98,overcast clouds
66,Ushuaia,AR,-54.8,-68.3,38.86,87,75,17.27,light rain
67,Great Bend,US,38.3645,-98.7648,69.04,24,0,9.22,clear sky
68,Weligama,LK,5.9667,80.4167,75.74,88,100,2.98,overcast clouds
69,Teguise,ES,29.0605,-13.564,73.62,69,0,2.3,clear sky
70,Husavik,IS,66.0449,-17.3389,30.78,77,73,11.41,broken clouds
71,Qaanaaq,GL,77.484,-69.3632,-9.92,63,0,9.24,clear sky
72,Bairiki,KI,1.3292,172.9752,84.2,70,20,9.22,few clouds
73,Novouzensk,RU,50.4592,48.1431,39.52,86,100,9.95,overcast clouds
74,Vostok,RU,46.4856,135.8833,25.45,79,3,2.26,clear sky
75,Sola,VU,-13.8833,167.55,81.52,70,4,2.57,clear sky
76,Pishva,IR,35.308,51.7267,61.02,48,99,5.53,overcast clouds
77,Los Llanos De Aridane,ES,28.6585,-17.9182,69.55,75,40,5.75,scattered clouds
78,Longyearbyen,SJ,78.2186,15.6401,22.84,68,40,5.75,scattered clouds
79,Mana,GF,5.6592,-53.7767,78.01,86,100,10.78,heavy intensity rain
80,Upington,ZA,-28.4478,21.2561,75.58,20,0,1.14,clear sky
81,Okha,RU,53.5739,142.9478,31.93,75,42,8.61,scattered clouds
82,Chicama,PE,-7.8447,-79.1469,63.14,69,59,8.25,broken clouds
83,Hamilton,US,39.1834,-84.5333,69.44,40,0,8.05,clear sky
84,Avera,US,33.194,-82.5271,62.38,71,100,9.04,overcast clouds
85,Kainantu,PG,-6.2887,145.8655,68.97,59,68,2.62,broken clouds
86,Baran,IN,25.1,76.5167,68.4,53,0,4.0,clear sky
87,Khatanga,RU,71.9667,102.5,8.26,95,100,4.83,overcast clouds
88,Byron Bay,AU,-28.65,153.6167,67.71,52,2,6.64,clear sky
89,Misratah,LY,32.3754,15.0925,71.83,67,26,9.44,light rain
90,Pevek,RU,69.7008,170.3133,8.15,94,100,8.55,light snow
91,Castro,BR,-24.7911,-50.0119,59.11,96,84,1.34,broken clouds
92,Elko,US,41.0002,-115.5012,57.74,21,15,3.0,few clouds
93,Lac Du Bonnet,CA,50.2536,-96.0612,52.92,49,85,3.31,overcast clouds
94,Flinders,AU,-34.5833,150.8552,67.05,55,7,8.01,clear sky
95,Kaitangata,NZ,-46.2817,169.8464,61.39,75,100,3.51,overcast clouds
96,Saskylakh,RU,71.9167,114.0833,-4.05,87,99,9.1,overcast clouds
97,Tual,ID,-5.6667,132.75,84.11,73,79,6.6,broken clouds
98,Lebu,CL,-37.6167,-73.65,50.67,77,98,21.59,overcast clouds
99,Ayan,RU,56.45,138.1667,30.51,50,100,4.92,overcast clouds
100,Novoagansk,RU,61.9449,76.6625,18.66,95,74,7.61,broken clouds
101,Saint-Philippe,RE,-21.3585,55.7679,69.39,84,33,8.03,scattered clouds
102,Nagold,DE,48.5498,8.7237,66.85,52,100,4.03,overcast clouds
103,Tiksi,RU,71.6872,128.8694,4.28,91,100,7.0,overcast clouds
104,Nabire,ID,-3.3667,135.4833,77.52,89,85,1.83,overcast clouds
105,Yumen,CN,40.2833,97.2,33.94,48,38,7.47,scattered clouds
106,Norman Wells,CA,65.282,-126.8329,19.44,86,100,4.61,overcast clouds
107,Mar Del Plata,AR,-38.0023,-57.5575,57.83,69,0,16.11,clear sky
108,Belmonte,BR,-15.8631,-38.8828,76.33,84,13,8.72,few clouds
109,Tutoia,BR,-2.7619,-42.2744,79.95,84,99,14.67,overcast clouds
110,Bredasdorp,ZA,-34.5322,20.0403,62.92,75,100,7.47,overcast clouds
111,Evensk,RU,61.95,159.2333,18.25,95,100,14.79,light snow
112,Terrace,CA,54.5163,-128.6035,40.91,93,100,18.41,sleet
113,Santa Cruz,BO,-17.8,-63.1667,87.85,55,40,18.41,scattered clouds
114,Ulaangom,MN,49.9811,92.0667,24.24,57,12,5.17,few clouds
115,Kourou,GF,5.1552,-52.6478,78.85,93,100,5.55,overcast clouds
116,Torbay,CA,47.6666,-52.7314,49.57,77,20,29.93,few clouds
117,Roald,NO,62.5833,6.1333,47.34,93,100,10.36,overcast clouds
118,Peniche,PT,39.3558,-9.3811,63.1,94,100,6.55,overcast clouds
119,Butaritari,KI,3.0707,172.7902,81.79,67,97,13.87,overcast clouds
120,Hasaki,JP,35.7333,140.8333,45.0,55,20,17.31,few clouds
121,Olinda,BR,-8.0089,-34.8553,80.33,65,40,10.36,scattered clouds
122,San Ignacio,BZ,17.1561,-89.0714,83.93,64,78,5.44,broken clouds
123,Tolbazy,RU,54.0241,55.8825,30.06,67,93,7.67,overcast clouds
124,Tiarei,PF,-17.5333,-149.3333,84.22,77,34,9.66,scattered clouds
125,Burnie,AU,-41.0667,145.9167,55.94,59,1,6.58,clear sky
126,Ocean City,US,39.2776,-74.5746,58.01,65,8,10.0,clear sky
127,Talnakh,RU,69.4865,88.3972,7.97,96,94,5.7,overcast clouds
128,Faanui,PF,-16.4833,-151.75,80.42,73,42,13.67,light rain
129,Aklavik,CA,68.2191,-135.0107,15.8,86,100,2.3,light snow
130,Jamestown,US,42.097,-79.2353,64.04,27,0,5.75,clear sky
131,Sitka,US,57.0531,-135.33,46.29,71,100,20.71,moderate rain
132,Vaini,TO,-21.2,-175.2,78.96,78,20,8.05,few clouds
133,Fort Nelson,CA,58.8053,-122.7002,36.99,48,75,0.0,broken clouds
134,Catamarca,AR,-28.4696,-65.7852,101.77,11,0,8.01,clear sky
135,Port Alfred,ZA,-33.5906,26.891,69.12,87,53,10.63,broken clouds
136,Jizan,SA,17.3333,42.6667,85.14,65,87,1.72,overcast clouds
137,Cacoal,BR,-11.4386,-61.4472,74.35,93,96,4.88,overcast clouds
138,East London,ZA,-33.0153,27.9116,73.74,69,73,8.3,broken clouds
139,Kerema,PG,-7.9631,145.7785,82.33,77,67,1.14,broken clouds
140,Payo,ID,-3.7508,103.6372,71.06,96,48,2.01,scattered clouds
141,Sechura,PE,-5.5569,-80.8222,71.4,61,97,18.14,overcast clouds
142,Kodiak,US,57.79,-152.4072,35.11,93,100,18.41,light rain
143,Galle,LK,6.0367,80.217,76.6,86,99,2.91,overcast clouds
144,Bambous Virieux,MU,-20.3428,57.7575,71.85,88,20,2.3,few clouds
145,Rocha,UY,-34.4833,-54.3333,61.2,91,4,2.57,clear sky
146,Miandrivazo,MG,-19.5167,45.4667,78.75,66,5,2.1,clear sky
147,Cape Town,ZA,-33.9258,18.4232,64.27,80,0,11.5,clear sky
148,Bethel,US,41.3712,-73.414,58.05,47,0,1.61,clear sky
149,Oistins,BB,13.0667,-59.5333,80.69,89,20,12.66,few clouds
150,Cherskiy,RU,68.75,161.3,1.94,97,100,5.03,overcast clouds
151,Ovsyanka,RU,55.9575,92.5519,29.37,85,90,7.16,overcast clouds
152,Imbituba,BR,-28.24,-48.6703,72.32,81,100,9.6,light rain
153,San Lawrenz,MT,36.0553,14.204,67.86,78,0,11.83,clear sky
154,Polson,US,47.6936,-114.1632,54.72,49,21,10.0,few clouds
155,Otukpo,NG,7.1913,8.1329,73.76,90,100,3.83,overcast clouds
156,San Patricio,US,28.017,-97.5169,77.09,41,0,11.54,clear sky
157,Urumqi,CN,43.801,87.6005,31.15,80,0,2.24,clear sky
158,Zainsk,RU,55.3195,52.0694,34.79,98,100,13.62,snow
159,Abu Samrah,SY,35.3029,37.1841,65.66,37,0,6.91,clear sky
160,Sanghar,PK,26.0466,68.9481,76.84,46,17,7.65,few clouds
161,Snezhnogorsk,RU,69.1933,33.2531,33.58,95,100,34.29,snow
162,Namibe,AO,-15.1961,12.1522,72.14,83,88,5.28,light rain
163,Cascais,PT,38.6979,-9.4215,66.94,97,100,3.0,light rain
164,Pueblo,US,38.2545,-104.6091,68.09,20,0,6.91,clear sky
165,Chokurdakh,RU,70.6333,147.9167,7.61,95,100,9.28,overcast clouds
166,Port Hardy,CA,50.6996,-127.4199,50.18,100,100,8.05,light rain
167,Provideniya,RU,64.3833,-173.3,17.62,80,100,8.81,overcast clouds
168,Doctor Juan Manuel Frutos,PY,-25.3667,-55.8,69.49,94,71,7.05,heavy intensity rain
169,Ambilobe,MG,-13.2,49.05,73.6,81,100,2.57,light rain
170,Lavrentiya,RU,65.5833,-171.0,22.35,72,82,13.56,broken clouds
171,Tottori,JP,35.5,134.2333,48.27,87,40,5.75,scattered clouds
172,Coihaique,CL,-45.5752,-72.0662,48.15,40,40,10.36,scattered clouds
173,Bilibino,RU,68.0546,166.4372,-3.37,100,100,1.01,overcast clouds
174,Arraial Do Cabo,BR,-22.9661,-42.0278,80.46,74,20,13.8,few clouds
175,Port Blair,IN,11.6667,92.75,80.91,81,23,11.05,heavy intensity rain
176,Poya,NC,-21.35,165.15,81.88,66,33,1.66,scattered clouds
177,Hofn,IS,64.2539,-15.2082,39.79,75,50,9.42,scattered clouds
178,Coquimbo,CL,-29.9533,-71.3436,58.73,82,75,11.5,broken clouds
179,Faya,SA,18.3851,42.4509,59.11,74,69,3.11,broken clouds
180,Moree,AU,-29.4667,149.85,70.18,41,11,2.15,few clouds
181,Harare,ZW,-17.8294,31.0539,61.72,80,16,5.41,few clouds
182,Batagay-Alyta,RU,67.8006,130.4114,-7.73,86,98,3.2,overcast clouds
183,Katsuura,JP,35.1333,140.3,58.35,66,97,12.97,overcast clouds
184,Hanmer Springs,NZ,-42.5167,172.8167,65.93,43,79,10.63,broken clouds
185,Zhangye,CN,38.9342,100.4517,39.43,51,34,9.04,scattered clouds
186,Linkou,CN,45.3,130.2833,28.87,60,0,1.86,clear sky
187,Wageningen,NL,51.9667,5.6667,64.49,83,100,5.75,overcast clouds
188,Zemst,BE,50.9835,4.4588,66.54,79,0,4.61,clear sky
189,Milledgeville,US,33.0801,-83.2321,66.69,76,100,5.75,overcast clouds
190,Luangwa,ZM,-15.6167,30.4167,83.52,45,2,10.71,clear sky
191,Mikkeli,FI,61.6886,27.2723,42.91,70,100,14.97,overcast clouds
192,Geraldton,AU,-28.7667,114.6,59.41,72,75,21.85,broken clouds
193,Rawson,AR,-43.3002,-65.1023,51.46,44,92,17.11,overcast clouds
194,Grindavik,IS,63.8424,-22.4338,43.27,87,75,14.97,broken clouds
195,College,US,64.8569,-147.8028,20.21,75,75,0.0,broken clouds
196,Lamu,KE,-2.2717,40.902,79.02,90,86,9.95,overcast clouds
197,Phonhong,LA,18.5007,102.4166,69.04,92,100,1.79,overcast clouds
198,Dzilam Gonzalez,MX,21.2833,-88.9333,81.79,69,33,7.74,scattered clouds
199,Sao Filipe,CV,14.8961,-24.4956,80.46,69,92,9.91,overcast clouds
200,Vacaria,BR,-28.5122,-50.9339,59.79,95,100,4.83,overcast clouds
201,Jieshou,CN,33.2634,115.3611,51.51,72,27,6.46,scattered clouds
202,Sheridan,US,44.8333,-106.9173,61.18,25,0,3.44,clear sky
203,Saldanha,ZA,-33.0117,17.9442,60.85,86,100,16.2,overcast clouds
204,Gumdag,TM,39.2061,54.5906,52.38,73,27,2.71,scattered clouds
205,Ribeira Grande,PT,38.5167,-28.7,63.77,81,100,8.99,light rain
206,Nikolskoye,RU,59.7035,30.7861,48.09,68,69,16.08,broken clouds
207,Kupang,ID,-10.1667,123.5833,78.66,84,95,3.22,overcast clouds
208,Chuy,UY,-33.6971,-53.4616,67.71,70,1,10.16,light rain
209,Abdanan,IR,32.9926,47.4198,63.99,29,31,3.2,scattered clouds
210,Bengkulu,ID,-3.8004,102.2655,74.77,92,100,4.18,light rain
211,Ouadda,CF,8.0777,22.4007,71.51,57,100,2.53,overcast clouds
212,Alta Floresta,BR,-9.8756,-56.0861,72.66,96,94,3.4,overcast clouds
213,Araguacu,BR,-12.9306,-49.8264,72.37,92,100,3.71,overcast clouds
214,Okhotsk,RU,59.3833,143.3,20.26,59,28,19.19,scattered clouds
215,Laguna,US,38.421,-121.4238,76.14,28,0,10.36,clear sky
216,Carora,VE,10.1755,-70.0827,81.07,60,97,7.81,overcast clouds
217,Tuatapere,NZ,-46.1333,167.6833,58.42,73,88,8.23,overcast clouds
218,La Maddalena,IT,41.2142,9.4083,64.56,78,0,6.69,clear sky
219,Saint George,US,37.1041,-113.5841,70.95,19,0,1.99,clear sky
220,Nizip,TR,37.0097,37.7942,50.13,24,0,5.37,clear sky
221,Phalaborwa,ZA,-23.943,31.1411,67.53,72,4,6.08,clear sky
222,Robertson,US,36.5167,-86.8667,75.18,44,0,9.22,clear sky
223,Folkestone,GB,51.0833,1.1833,61.99,98,83,1.01,broken clouds
224,Sandur,IN,15.1,76.55,67.41,76,34,4.72,scattered clouds
225,Asau,RO,46.4333,26.4,45.52,79,94,7.67,overcast clouds
226,Port-Cartier,CA,50.0334,-66.8654,47.88,59,93,12.75,overcast clouds
227,Aksay,RU,47.26,39.87,50.22,72,98,11.01,overcast clouds
228,Buena Vista,US,43.4203,-83.8986,61.09,39,0,4.61,clear sky
229,Yeppoon,AU,-23.1333,150.7333,73.18,58,11,5.86,few clouds
230,Rabo De Peixe,PT,37.8,-25.5833,63.91,95,40,10.36,scattered clouds
231,Andijon,UZ,40.7821,72.3442,49.28,48,96,5.1,overcast clouds
232,Gisborne,NZ,-38.6533,178.0042,66.0,74,99,7.11,overcast clouds
233,Kargasok,RU,59.0556,80.8572,21.16,92,22,6.46,few clouds
234,Kathu,TH,7.9178,98.3332,82.74,87,42,8.63,scattered clouds
235,Tautira,PF,-17.7333,-149.15,78.53,78,57,9.95,broken clouds
236,Pyapon,MM,16.2833,95.6833,73.78,92,33,4.29,scattered clouds
237,Carnarvon,AU,-24.8667,113.6333,62.67,77,75,17.27,broken clouds
238,Tagusao,PH,9.1924,117.8141,78.89,86,100,16.44,overcast clouds
239,Remanso,BR,-9.6179,-42.0831,83.73,48,100,5.86,overcast clouds
240,Yuli,NG,9.6989,10.2744,77.56,32,94,4.41,overcast clouds
241,La Asuncion,VE,11.0333,-63.8628,96.53,49,100,11.5,overcast clouds
242,Inhambane,MZ,-23.865,35.3833,73.76,83,64,13.35,light rain
243,Viedma,AR,-40.8135,-62.9967,49.26,66,100,10.33,moderate rain
244,Oranjemund,NA,-28.55,16.4333,61.14,87,88,4.5,overcast clouds
245,Cayenne,GF,4.9333,-52.3333,78.84,94,75,1.14,broken clouds
246,Moose Factory,CA,51.2585,-80.6094,57.2,54,0,11.5,clear sky
247,San Benito,US,36.6166,-121.0844,66.83,24,66,7.14,broken clouds
248,Mogadishu,SO,2.0371,45.3438,78.24,84,38,10.87,scattered clouds
249,Rio Gallegos,AR,-51.6226,-69.2181,48.25,37,40,39.12,scattered clouds
250,Salina Cruz,MX,16.1667,-95.2,88.48,57,29,18.52,scattered clouds
251,Ishigaki,JP,24.3448,124.1572,77.13,88,75,21.85,broken clouds
252,Farafangana,MG,-22.8167,47.8333,69.76,91,100,7.92,moderate rain
253,Hudson Bay,CA,52.85,-102.3842,50.5,49,40,14.23,scattered clouds
254,Comodoro Rivadavia,AR,-45.8667,-67.5,55.26,26,75,14.97,broken clouds
255,Nanortalik,GL,60.1432,-45.2371,29.3,83,30,11.12,scattered clouds
256,Merauke,ID,-8.4667,140.3333,80.56,75,87,10.25,overcast clouds
257,Baykit,RU,61.67,96.37,21.51,87,91,7.0,overcast clouds
258,Tabuk,PH,17.4189,121.4443,74.61,97,100,1.1,light rain
259,La Ronge,CA,55.1001,-105.2842,52.05,25,40,16.11,scattered clouds
260,Nouadhibou,MR,20.931,-17.0347,80.58,34,32,13.8,dust
261,Te Anau,NZ,-45.4167,167.7167,50.83,96,94,5.86,moderate rain
262,Tazovskiy,RU,67.4667,78.7,14.02,93,42,8.46,scattered clouds
263,Dindori,IN,22.95,81.0833,58.82,67,0,2.17,clear sky
264,Rurrenabaque,BO,-14.4413,-67.5278,85.41,61,96,6.17,overcast clouds
265,La Paz,BO,-16.5,-68.15,66.18,19,40,11.5,scattered clouds
266,Port Macquarie,AU,-31.4333,152.9167,68.9,50,2,2.42,clear sky
267,Krizevci,HR,46.0219,16.5425,53.19,80,11,3.83,few clouds
268,Inongo,CD,-1.95,18.2667,72.18,93,88,4.43,overcast clouds
269,Severo-Kurilsk,RU,50.6789,156.125,38.73,72,96,8.66,overcast clouds
270,Maarianhamina,AX,60.0973,19.9348,46.26,61,0,10.36,clear sky
271,Kokorevka,RU,52.5872,34.2778,51.8,92,100,11.1,overcast clouds
272,Saint-Augustin,CA,51.226,-58.6502,46.18,61,100,17.36,overcast clouds
273,Miguel Auza,MX,24.2933,-103.4503,74.08,17,19,6.44,few clouds
274,Ilulissat,GL,69.2167,-51.1,32.02,59,100,17.27,overcast clouds
275,Iquitos,PE,-3.7481,-73.2472,87.84,66,40,3.44,scattered clouds
276,Sulina,RO,45.1559,29.6536,55.65,80,48,11.5,scattered clouds
277,Broome,US,42.2506,-75.833,60.17,28,0,0.0,clear sky
278,Rodrigues Alves,BR,-7.738,-72.6509,86.2,64,83,2.39,moderate rain
279,Nuristan,AF,35.3,70.8333,30.94,55,2,6.17,clear sky
280,Aswan,EG,24.0934,32.907,76.3,33,0,5.75,clear sky
281,Wenling,CN,28.3669,121.36,63.14,78,99,10.07,overcast clouds
282,Aksu,CN,41.1231,80.2644,48.63,36,33,3.85,scattered clouds
283,Pierre,US,44.3683,-100.351,65.32,31,0,12.66,clear sky
284,Matagami,CA,49.7502,-77.6328,55.51,58,0,11.5,clear sky
285,General Pico,AR,-35.6566,-63.7568,77.99,37,0,11.07,clear sky
286,Dalhem,BE,50.7132,5.7277,67.19,90,100,6.82,overcast clouds
287,Pekan,MY,3.4836,103.3996,77.97,90,100,6.51,overcast clouds
288,Aykhal,RU,66.0,111.5,5.94,98,100,9.46,overcast clouds
289,General Cepeda,MX,25.3833,-101.45,73.08,21,10,5.68,clear sky
290,Santa Cruz De La Palma,ES,28.6835,-17.7642,73.54,83,40,5.75,scattered clouds
291,Suoyarvi,RU,62.0833,32.35,43.16,82,100,13.98,light rain
292,Manaure,CO,11.7751,-72.4445,82.04,70,95,12.57,overcast clouds
293,Panaba,MX,21.2833,-88.2667,84.58,58,45,11.14,scattered clouds
294,Taylor,US,32.3001,-99.8337,63.01,65,100,11.5,overcast clouds
295,Saraland,US,30.8207,-88.0706,73.42,86,96,9.91,overcast clouds
296,Borogontsy,RU,62.6683,131.1683,6.17,94,100,5.64,overcast clouds
297,Grand Gaube,MU,-20.0064,57.6608,72.0,77,11,1.99,few clouds
298,Constitucion,CL,-35.3333,-72.4167,58.08,90,60,12.28,broken clouds
299,Eyl,SO,7.9803,49.8164,77.34,70,12,7.81,few clouds
300,Teruel,ES,40.6667,-0.6667,53.37,50,13,6.71,few clouds
301,Ossora,RU,59.2353,163.0719,27.93,66,100,6.93,overcast clouds
302,Harper,LR,4.375,-7.7169,77.45,89,78,5.99,light rain
303,Obihiro,JP,42.9172,143.2044,42.42,86,0,3.94,clear sky
304,Iqaluit,CA,63.7506,-68.5145,15.53,85,75,0.0,broken clouds
305,Xintai,CN,35.9006,117.7519,51.3,65,100,1.3,overcast clouds
306,Winnemucca,US,40.973,-117.7357,60.85,18,0,4.61,clear sky
307,Hobyo,SO,5.3505,48.5268,79.77,77,11,9.93,few clouds
308,Krikellos,GR,38.95,21.1833,58.73,52,2,5.03,clear sky
309,Mersing,MY,2.4312,103.8405,75.11,94,40,5.75,scattered clouds
310,Balykshi,KZ,47.0667,51.8667,35.6,87,75,4.47,mist
311,Homestead,US,25.4687,-80.4776,84.2,75,0,14.97,clear sky
312,Baker City,US,44.7749,-117.8344,56.59,44,100,3.44,overcast clouds
313,Tilichiki,RU,60.4667,166.1,10.53,77,98,6.11,overcast clouds
314,Chabahar,IR,25.2919,60.643,77.79,77,12,1.86,few clouds
315,Kroya,ID,-7.6331,109.2461,75.25,82,100,4.47,overcast clouds
316,Aketi,CD,2.7388,23.7833,70.66,95,100,2.1,overcast clouds
317,Portland,US,45.5234,-122.6762,59.52,93,100,4.61,overcast clouds
318,Nioro,GM,13.35,-15.75,79.3,71,27,5.86,scattered clouds
319,Beringovskiy,RU,63.05,179.3167,16.07,63,16,15.35,few clouds
320,Dallas,US,32.7668,-96.7836,65.48,79,75,13.8,broken clouds
321,Almunecar,ES,36.7339,-3.6907,72.68,81,100,1.48,overcast clouds
322,Rudnichnyy,RU,59.617,52.4703,32.83,98,100,8.72,overcast clouds
323,Cap Malheureux,MU,-19.9842,57.6142,70.47,77,10,1.99,clear sky
324,Goya,AR,-29.14,-59.2626,87.62,38,0,3.8,clear sky
325,Moron,AR,-34.6534,-58.6198,81.95,58,2,7.74,clear sky
326,Port Lincoln,AU,-34.7333,135.8667,60.35,80,96,20.02,overcast clouds
327,Saint-Joseph,RE,-21.3667,55.6167,68.38,80,22,8.9,few clouds
328,Codrington,AU,-38.2667,141.9667,49.73,86,76,7.76,broken clouds
329,Gubkinskiy,RU,64.434,76.5026,19.0,94,96,11.45,overcast clouds
330,Padang,ID,-0.9492,100.3543,76.59,87,100,2.62,light rain
331,Ardakan,IR,32.31,54.0175,70.47,27,83,2.13,broken clouds
332,Necochea,AR,-38.5473,-58.7368,53.89,65,31,9.86,light rain
333,Chor,PK,25.5167,69.7667,77.43,40,1,7.23,clear sky
334,Khromtau,KZ,50.2503,58.4347,26.35,63,75,5.19,broken clouds
335,Duldurga,RU,50.6761,113.5931,26.44,99,89,2.24,overcast clouds
336,Boyolangu,ID,-8.1181,111.8935,72.54,86,99,4.94,overcast clouds
337,Haines Junction,CA,60.7522,-137.5108,19.35,79,100,2.3,overcast clouds
338,Lompoc,US,34.6391,-120.4579,82.02,50,0,17.27,clear sky
339,Lagoa,PT,39.05,-27.9833,63.7,68,100,12.55,overcast clouds
340,Kincardine,GB,56.0667,-3.7167,59.27,93,100,8.66,overcast clouds
341,Haapiti,PF,-17.5667,-149.8667,83.93,76,49,11.5,scattered clouds
342,Usinsk,RU,65.9939,57.5281,32.99,98,100,20.6,light snow
343,Kaeo,NZ,-35.1,173.7833,66.33,97,100,6.35,moderate rain
344,Tankhoy,RU,51.5528,105.1306,31.39,91,100,14.25,light snow
345,Walvis Bay,NA,-22.9575,14.5053,60.1,88,55,4.61,broken clouds
346,Aberdeen,GB,57.1437,-2.0981,54.5,96,100,10.36,overcast clouds
347,Inzer,RU,54.2167,57.5556,27.16,75,89,3.56,overcast clouds
348,Pisco,PE,-13.7,-76.2167,64.45,77,0,10.36,clear sky
349,Saint Anthony,US,45.0205,-93.218,68.09,46,0,13.8,clear sky
350,Beruwala,LK,6.4788,79.9828,76.89,85,100,2.37,overcast clouds
351,Taicheng,CN,38.731,113.228,44.19,91,100,1.5,overcast clouds
352,Itaguai,BR,-22.8522,-43.7753,85.89,83,0,6.91,clear sky
353,Benjamin Aceval,PY,-24.9667,-57.5667,84.6,69,43,7.67,scattered clouds
354,Andenes,NO,69.3143,16.1194,37.38,52,100,28.77,overcast clouds
355,Sakakah,SA,29.9697,40.2064,74.77,35,95,11.43,overcast clouds
356,Lerik,AZ,38.7726,48.4128,45.32,88,78,2.84,broken clouds
357,Yarmouth,US,41.7057,-70.2286,55.96,82,0,10.0,clear sky
358,Karratha,AU,-20.7377,116.8463,65.68,62,0,14.34,clear sky
359,Lima,PE,-12.0432,-77.0282,61.05,77,100,8.05,overcast clouds
360,Srednekolymsk,RU,67.45,153.6833,-12.55,100,100,6.58,overcast clouds
361,Maralal,KE,1.0968,36.698,60.82,81,94,6.51,light rain
362,Karangasem,ID,-8.45,115.6167,74.57,84,89,7.9,overcast clouds
363,Touros,BR,-5.1989,-35.4608,78.49,77,17,16.96,few clouds
364,Dryden,CA,49.7833,-92.7503,52.09,66,0,4.61,clear sky
365,Methoni,GR,36.8197,21.7049,64.22,52,0,6.89,clear sky
366,Langsa,ID,4.4683,97.9683,74.57,94,100,2.53,overcast clouds
367,Mbini,GQ,1.574,9.6134,75.51,88,90,2.35,overcast clouds
368,Felanitx,ES,39.4696,3.1483,64.13,76,99,3.13,overcast clouds
369,Dongli,CN,23.5656,116.8194,71.58,64,0,11.18,clear sky
370,Abu Kamal,SY,34.4506,40.9171,70.65,31,5,5.99,clear sky
371,Salalah,OM,17.0151,54.0924,73.56,73,16,2.62,few clouds
372,Ust-Nera,RU,64.5667,143.2,-4.72,100,99,0.47,overcast clouds
373,Clyde River,CA,70.4692,-68.5914,10.63,85,100,6.91,overcast clouds
374,Cabo San Lucas,MX,22.8909,-109.9124,86.61,63,5,5.01,clear sky
375,Bongouanou,CI,6.6486,-4.1992,73.42,91,56,2.01,light rain
376,Gasa,PS,31.5,34.4667,71.89,68,0,8.55,clear sky
377,Qaqortoq,GL,60.7167,-46.0333,22.12,81,31,7.4,scattered clouds
378,Mangit,UZ,40.5971,70.9607,58.21,46,93,1.14,overcast clouds
379,Hov,NO,60.6987,10.3519,40.84,90,0,2.95,clear sky
380,Ancud,CL,-41.8697,-73.8203,47.48,61,18,19.82,few clouds
381,Estelle,US,29.8458,-90.1067,75.2,88,100,11.5,mist
382,Abha,SA,18.2164,42.5053,58.82,88,0,0.0,clear sky
383,High Level,CA,58.5169,-117.136,42.91,52,75,6.91,broken clouds
384,Virginia Beach,US,36.8529,-75.978,60.03,73,75,16.11,broken clouds
385,Waitara,NZ,-38.925,174.25,64.22,97,100,9.44,overcast clouds
386,Bathsheba,BB,13.2167,-59.5167,81.21,89,20,12.66,few clouds
387,Arevashogh,AM,40.8604,44.2744,30.18,81,17,1.43,few clouds
388,Mehamn,NO,71.0357,27.8492,37.31,64,20,24.16,few clouds
389,Calvinia,ZA,-31.4707,19.776,60.24,44,63,5.37,broken clouds
390,Dali,CN,25.7,100.1833,52.43,93,2,0.58,clear sky
391,Buchanan,LR,5.8808,-10.0467,78.64,85,87,4.72,overcast clouds
392,Souillac,MU,-20.5167,57.5167,71.98,88,20,2.3,few clouds
393,Saint-Georges,GD,12.0564,-61.7485,83.88,79,40,17.27,scattered clouds
394,Manono,CD,-7.3,27.4167,67.59,94,98,3.27,overcast clouds
395,Kingsland,US,30.8,-81.6898,68.97,94,99,7.9,overcast clouds
396,Bilma,NE,18.6853,12.9164,73.63,21,0,9.57,clear sky
397,Bodden Town,KY,19.2833,-81.25,86.0,69,40,12.66,scattered clouds
398,Caravelas,BR,-17.7125,-39.2481,76.46,83,0,10.98,clear sky
399,Waipawa,NZ,-41.4122,175.5153,63.27,71,100,13.49,overcast clouds
400,Salamiyah,SY,35.0113,37.0532,66.11,42,0,5.39,clear sky
401,San Jose,US,37.3394,-121.895,76.91,37,40,10.0,scattered clouds
402,Atar,MR,20.5169,-13.0499,82.8,10,67,6.51,broken clouds
403,Lohardaga,IN,23.4333,84.6833,58.32,67,0,3.09,clear sky
404,Alpena,US,45.0617,-83.4327,59.32,71,0,6.91,clear sky
405,North Bend,US,43.4065,-124.2243,64.92,86,100,5.75,overcast clouds
406,Lagos,NG,6.5833,3.75,80.92,92,41,3.78,scattered clouds
407,Mount Gambier,AU,-37.8333,140.7667,49.24,85,87,6.13,overcast clouds
408,Naze,JP,28.3667,129.4833,72.52,76,87,22.64,overcast clouds
409,Presidencia Roque Saenz Pena,AR,-26.7852,-60.4388,94.8,27,0,4.14,clear sky
410,Talara,PE,-4.5772,-81.2719,72.36,64,0,16.11,clear sky
411,Gambela,ET,8.25,34.5833,70.5,88,48,4.16,light rain
412,Isangel,VU,-19.55,169.2667,84.31,70,2,3.44,clear sky
413,Ndende,GA,-2.4008,11.3581,73.36,97,71,2.68,broken clouds
414,Sao Jose Dos Pinhais,BR,-25.5347,-49.2064,61.14,98,75,6.91,broken clouds
415,Tretten,NO,61.3142,10.3007,41.5,94,7,3.47,clear sky
416,Godda,IN,24.8333,87.2167,66.42,64,0,3.94,clear sky
417,Orotukan,RU,62.2667,151.7,7.86,97,100,6.4,light snow
418,Vila Velha,BR,-20.3297,-40.2925,76.95,89,20,17.27,few clouds
419,Pavilosta,LV,56.8879,21.1859,53.51,85,14,18.59,few clouds
420,Pangnirtung,CA,66.1451,-65.7125,13.82,72,17,10.58,few clouds
421,Vytegra,RU,61.0064,36.4481,51.6,89,100,16.44,overcast clouds
422,Atessa,IT,42.0693,14.4511,61.0,73,0,4.61,clear sky
423,Kulhudhuffushi,MV,6.6221,73.07,80.85,70,56,5.37,broken clouds
424,Victoria,HK,22.2855,114.1577,75.38,66,100,25.01,overcast clouds
425,Paro,BT,27.4305,89.4133,45.27,84,3,5.21,clear sky
426,Arcata,US,40.8665,-124.0828,73.67,60,47,1.01,scattered clouds
427,Mbaiki,CF,3.8678,17.9892,71.74,97,100,0.4,overcast clouds
428,Magomeni,TZ,-6.8,39.25,73.78,94,20,5.75,few clouds
429,Quesnel,CA,52.9999,-122.5029,48.7,53,100,10.36,overcast clouds
430,Angoram,PG,-4.0625,144.0661,77.25,94,100,0.96,overcast clouds
431,Santa Rosa Del Sur,CO,7.9644,-74.0544,74.73,82,53,0.69,broken clouds
432,Ahuimanu,US,21.4447,-157.8378,84.36,69,10,4.0,clear sky
433,Jiangyou,CN,31.7667,104.7167,56.41,89,99,0.69,overcast clouds
434,Victoria Point,AU,-27.5833,153.3,77.95,54,0,1.99,clear sky
435,Spasskoye,RU,44.6108,132.7969,32.23,62,0,3.11,clear sky
436,Ugoofaaru,MV,5.6667,73.0,81.41,71,92,7.25,overcast clouds
437,Sioux Lookout,CA,50.1001,-91.917,51.87,62,75,2.3,broken clouds
438,Atlantic City,US,39.3643,-74.4229,57.02,69,0,12.66,clear sky
439,Vezirkopru,TR,41.1436,35.4547,41.49,85,23,0.83,few clouds
440,Yulara,AU,-25.2406,130.9889,75.27,60,66,12.41,broken clouds
441,Klaksvik,FO,62.2266,-6.589,47.32,97,95,20.4,overcast clouds
442,Tharad,IN,24.3961,71.6267,76.37,37,0,3.94,clear sky
443,Kieta,PG,-6.2167,155.6333,82.83,79,88,6.6,overcast clouds
444,Hidalgotitlan,MX,17.7833,-94.6333,77.02,83,8,8.86,light rain
445,Makakilo City,US,21.3469,-158.0858,84.56,62,0,9.22,clear sky
446,Eyrarbakki,IS,63.863,-21.1481,41.05,78,96,9.73,overcast clouds
447,Diffa,NE,13.3154,12.6113,81.14,21,100,8.48,overcast clouds
448,Acarau,BR,-2.8856,-40.12,79.14,80,49,21.21,scattered clouds
449,Gemena,CD,3.25,19.7667,69.75,97,99,1.81,overcast clouds
450,Yakeshi,CN,49.2833,120.7333,31.66,63,100,8.57,light snow
451,Jalu,LY,29.0331,21.5482,64.47,67,3,8.75,clear sky
452,Beloha,MG,-25.1667,45.05,69.13,80,100,16.53,overcast clouds
453,Jardim,BR,-21.4803,-56.1381,81.37,64,47,4.68,scattered clouds
454,Maumere,ID,-8.6199,122.2111,80.69,77,99,9.95,overcast clouds
455,Strezhevoy,RU,60.7333,77.5889,20.73,91,38,6.64,scattered clouds
456,Papayal,PE,-4.0761,-80.7361,79.41,48,3,7.94,clear sky
457,Taltal,CL,-25.4,-70.4833,60.69,72,24,1.97,few clouds
458,Sao Joao Da Barra,BR,-21.6403,-41.0511,78.89,88,87,23.0,overcast clouds
459,Beatrice,US,40.2681,-96.747,68.09,30,0,0.0,clear sky
460,Hailar,CN,49.2,119.7,36.18,61,100,11.59,overcast clouds
461,Khokhlovo,RU,59.1492,37.3998,50.02,95,100,11.36,light rain
462,Namatanai,PG,-3.6667,152.4333,83.14,72,81,6.35,broken clouds
463,Macaubas,BR,-13.0194,-42.6986,79.74,46,100,5.08,overcast clouds
464,Ontario,US,34.0633,-117.6509,84.67,27,0,10.36,clear sky
465,Kuusamo,FI,65.9667,29.1833,32.04,93,100,25.32,overcast clouds
466,Moctezuma,MX,29.8,-109.6667,78.8,19,1,2.35,clear sky
467,Seoul,KR,37.5683,126.9778,49.44,97,20,3.44,mist
468,Nouakchott,MR,18.0858,-15.9785,87.73,26,100,10.27,overcast clouds
469,Czluchow,PL,53.6672,17.3588,54.1,77,100,6.31,overcast clouds
470,Sandpoint,US,48.2766,-116.5533,56.44,54,0,5.75,clear sky
471,Puri,IN,19.8,85.85,68.52,70,0,8.03,clear sky
472,Ahipara,NZ,-35.1667,173.1667,61.7,97,100,11.14,moderate rain
473,Cordoba,AR,-31.4135,-64.1811,92.75,24,0,8.05,clear sky
474,Tura,IN,25.5198,90.2201,64.67,76,0,4.0,clear sky
475,Sturgis,US,41.7992,-85.4192,64.08,36,0,5.75,clear sky
476,Tromso,NO,69.6496,18.957,33.82,69,75,21.85,snow
477,San Jeronimo,PE,-11.9472,-75.2829,65.28,40,16,6.96,few clouds
478,Narsaq,GL,60.9167,-46.05,17.82,75,44,8.16,scattered clouds
479,Goma,CD,-1.6792,29.2228,63.45,87,96,3.44,overcast clouds
480,Berlevag,NO,70.8578,29.0864,37.35,75,100,29.93,overcast clouds
481,Emba,KZ,48.8264,58.1442,33.69,95,100,8.79,light snow
482,Dunedin,NZ,-45.8742,170.5036,56.8,66,100,1.99,overcast clouds
483,Baturaja,ID,-4.1333,104.1667,71.91,96,74,2.57,broken clouds
484,Llanera,ES,43.4619,-5.9311,57.07,88,100,1.25,overcast clouds
485,Anadyr,RU,64.75,177.4833,5.5,77,20,8.95,few clouds
486,Kavieng,PG,-2.5744,150.7967,83.79,71,96,8.21,overcast clouds
487,Cizre,TR,37.3272,42.1903,66.11,36,0,2.57,clear sky
488,Preeceville,CA,51.95,-102.6677,48.65,53,0,15.66,clear sky
489,Tombouctou,ML,20.0,-3.0,76.78,16,0,10.87,clear sky
490,Numan,NG,9.4667,12.0333,79.02,35,50,3.15,scattered clouds
491,Acapulco,MX,16.8634,-99.8901,82.89,81,36,5.19,light rain
492,Awbari,LY,26.5921,12.7805,66.22,44,0,6.71,clear sky
493,Kingstown,VC,13.1587,-61.2248,78.08,89,75,4.61,broken clouds
494,Ronne,DK,55.1009,14.7066,55.31,88,100,5.75,overcast clouds
495,Rosetta,EG,31.4044,30.4164,69.42,67,0,4.23,clear sky
496,Bemidji,US,47.4736,-94.8803,63.91,52,0,5.75,clear sky
497,Slave Lake,CA,55.2834,-114.769,44.58,31,0,20.71,clear sky
498,Berbera,SO,10.4396,45.0143,79.75,64,10,1.79,clear sky
499,Amarante Do Maranhao,BR,-5.5667,-46.7422,85.96,42,100,4.38,overcast clouds
500,Erzin,TR,36.9559,36.2,66.61,30,0,5.82,clear sky
501,Salym,RU,60.0625,71.4789,28.24,91,97,7.85,overcast clouds
502,Togitsu,JP,32.8333,129.85,57.18,62,20,8.05,few clouds
503,Nemuro,JP,43.3236,145.575,50.49,81,0,13.91,clear sky
504,Cavalcante,BR,-13.7975,-47.4583,69.46,92,99,3.11,overcast clouds
505,San Felipe,VE,10.3399,-68.7425,75.9,85,99,6.29,overcast clouds
506,Mancio Lima,BR,-7.6142,-72.8958,86.07,74,75,4.61,heavy intensity rain
507,Ubatuba,BR,-23.4339,-45.0711,75.85,87,87,1.43,overcast clouds
508,Manavalakurichi,IN,8.1333,77.3,77.67,81,26,3.76,scattered clouds
509,Sinop,TR,41.7711,34.8709,45.41,87,7,7.09,clear sky
510,Giyani,ZA,-23.3025,30.7187,67.39,70,9,3.87,clear sky
511,Kheralu,IN,23.8833,72.6167,73.89,39,0,5.17,clear sky
512,Craig,US,40.5153,-107.5464,50.38,41,100,1.34,overcast clouds
513,Vryheid,ZA,-27.7695,30.7917,56.59,79,27,5.35,scattered clouds
514,Hambantota,LK,6.1241,81.1185,75.54,100,20,1.14,few clouds
515,Baijiantan,CN,45.6333,85.1833,37.15,58,60,7.4,broken clouds
516,Starozhilovo,RU,54.2254,39.916,49.48,97,100,10.49,overcast clouds
517,Shieli,KZ,44.1667,66.75,52.75,62,100,10.87,light rain
518,Lensk,RU,60.7253,114.9278,28.24,88,70,6.62,broken clouds
519,Barstow,US,34.8986,-117.0228,74.39,9,0,3.27,clear sky
520,Awjilah,LY,29.1081,21.2869,64.83,70,25,8.63,scattered clouds
521,Berezovyy,RU,51.6667,135.7,28.92,58,96,4.05,overcast clouds
522,Quatre Cocos,MU,-20.2078,57.7625,71.71,80,24,9.66,few clouds
523,Palmerston,AU,-12.486,130.9833,83.89,86,20,4.61,few clouds
524,Priargunsk,RU,50.3691,119.1012,32.79,60,100,5.91,overcast clouds
525,Safford,US,32.834,-109.7076,72.1,27,1,5.39,clear sky
526,Mitsamiouli,KM,-11.3847,43.2844,76.26,78,1,6.22,clear sky
527,Chitral,PK,35.8462,71.7858,57.74,59,19,0.45,few clouds
528,Brewster,US,41.3973,-73.6171,56.91,80,0,2.01,clear sky
529,Pakxan,LA,18.3778,103.6601,66.25,91,96,3.56,overcast clouds
530,Apostolove,UA,47.66,33.7137,53.69,80,95,17.25,overcast clouds
531,Divo,CI,5.8397,-5.36,72.27,98,31,1.57,light rain
532,Marsa Matruh,EG,31.3525,27.2453,66.4,72,0,4.61,clear sky
533,Staryy Nadym,RU,65.6118,72.6842,19.44,90,100,13.02,overcast clouds
534,Marzuq,YE,14.4,46.4667,66.45,45,22,4.38,few clouds
535,Bereznik,RU,62.8551,42.7072,45.37,88,100,12.41,overcast clouds
536,Mbeya,TZ,-8.9,33.45,61.93,57,72,6.82,broken clouds
537,Egvekinot,RU,66.3167,-179.1667,9.0,70,100,10.92,overcast clouds
538,Salo,IT,45.6086,10.531,64.99,62,11,5.17,few clouds
539,Fairbanks,US,64.8378,-147.7164,16.83,76,0,0.0,clear sky
540,Ochamchira,GE,42.7121,41.4721,51.58,77,5,4.0,clear sky
541,Aracruz,BR,-19.8203,-40.2733,76.21,81,28,6.46,scattered clouds
542,Puksoozero,RU,62.5903,40.6066,44.35,92,100,14.29,overcast clouds
543,Surt,LY,31.2089,16.5887,70.23,65,0,3.53,clear sky
544,Xam Nua,LA,20.4197,104.0439,58.86,99,97,1.07,overcast clouds
545,Vardo,NO,70.3705,31.1107,37.38,70,75,34.52,light rain
546,Jinchang,CN,38.4953,102.1739,43.86,47,7,10.69,clear sky
547,Ust-Kuyga,RU,70.0167,135.6,-15.0,100,99,6.2,overcast clouds
548,Shingu,JP,33.7333,135.9833,51.48,74,57,5.41,broken clouds
549,Roatan,HN,16.3244,-86.5366,84.34,65,20,4.61,few clouds
550,Edgewater,US,28.9889,-80.9023,82.29,88,40,9.22,scattered clouds
551,Payao,PH,10.1833,122.95,77.25,90,97,9.71,overcast clouds
552,Tadine,NC,-21.55,167.8833,79.56,73,4,4.14,clear sky
553,Panguna,PG,-6.3164,155.4848,75.94,84,86,2.64,light rain
554,Chaman,PK,30.9236,66.4512,63.55,19,1,4.45,clear sky
555,Waddan,LY,29.1614,16.139,66.11,48,38,9.84,scattered clouds
556,Seydi,TM,39.4816,62.9137,52.52,85,100,14.88,light rain
557,Santa Isabel Do Rio Negro,BR,-0.4139,-65.0192,76.41,90,96,1.77,overcast clouds
558,Sabang,ID,5.8933,95.3214,80.19,80,100,12.53,overcast clouds
559,Ketchikan,US,55.3422,-131.6461,48.97,91,100,12.35,moderate rain
560,Parintins,BR,-2.6283,-56.7358,87.3,40,100,5.46,light rain
561,Pittsfield,US,42.4501,-73.2454,52.21,66,0,1.99,clear sky
562,Saint-Michel-Des-Saints,CA,46.6834,-73.9159,42.39,67,97,6.46,overcast clouds
563,Sarakhs,IR,36.5449,61.1577,57.76,79,100,11.1,overcast clouds
564,Vestmannaeyjar,IS,63.4427,-20.2734,44.37,78,98,18.57,overcast clouds
565,Cockburn Town,TC,21.4612,-71.1419,84.16,70,40,11.5,scattered clouds
566,Bonavista,CA,48.6499,-53.1147,49.32,63,29,22.79,scattered clouds
567,Sorong,ID,-0.8833,131.25,79.52,86,76,6.38,broken clouds
568,Khingansk,RU,49.1167,131.1833,20.34,78,53,1.34,broken clouds
569,Belgrade,RS,44.804,20.4651,59.7,100,75,4.61,fog
570,Kavaratti,IN,10.5669,72.642,82.18,64,1,4.43,clear sky
571,Halifax,CA,44.6453,-63.5724,51.8,76,0,10.36,clear sky
572,Liaocheng,CN,36.4439,115.9647,55.76,67,98,3.33,overcast clouds
573,Maragogi,BR,-9.0122,-35.2225,76.3,79,67,8.34,broken clouds
574,Mayumba,GA,-3.432,10.6554,77.58,88,32,2.84,scattered clouds
575,Darayya,SY,33.459,36.2374,59.76,34,1,6.96,clear sky
576,Maniitsoq,GL,65.4167,-52.9,32.45,77,100,20.33,light snow
577,Nome,US,64.5011,-165.4064,26.67,81,75,9.22,broken clouds
578,Zeya,RU,53.75,127.2667,26.31,68,91,3.24,overcast clouds
579,Bestobe,KZ,52.4994,73.0975,26.67,69,100,7.96,overcast clouds
580,Catalina Foothills,US,32.2979,-110.9187,80.47,12,0,4.61,clear sky
581,Batemans Bay,AU,-35.7167,150.1833,59.09,48,0,1.28,clear sky
582,Muros,ES,42.7762,-9.0603,59.09,89,97,10.09,overcast clouds
583,Dumbraveni,RO,46.2333,24.5667,44.31,83,46,1.79,scattered clouds
584,Nenton,GT,15.8,-91.75,78.78,57,100,4.56,overcast clouds
585,The Pas,CA,53.8251,-101.2541,57.22,30,0,12.66,clear sky
586,Kendari,ID,-3.945,122.4989,75.42,93,100,3.27,overcast clouds
587,Balabac,PH,7.9868,117.0645,80.91,82,100,17.29,overcast clouds
588,Katherine,AU,-14.4667,132.2667,82.72,65,60,4.61,broken clouds
589,Kahului,US,20.8947,-156.47,82.85,82,14,15.01,few clouds
590,Beroroha,MG,-21.6667,45.1667,76.69,55,24,5.37,few clouds
591,Rochegda,RU,62.8,43.25,44.38,91,100,11.34,overcast clouds
592,Nong Khai,TH,17.9167,103.0833,71.17,86,100,2.66,overcast clouds
593,Birao,CF,10.2849,22.7882,78.22,36,100,3.85,overcast clouds
594,Hualmay,PE,-11.0964,-77.6139,63.97,76,100,7.78,overcast clouds
595,Inverness,GB,57.4791,-4.224,57.11,82,100,5.75,haze
596,Danville,US,36.586,-79.395,64.02,63,52,1.01,broken clouds
597,Broken Hill,AU,-31.95,141.4333,65.35,48,100,12.06,moderate rain
598,Libreville,GA,0.3925,9.4537,76.48,87,96,5.32,overcast clouds
599,Maxixe,MZ,-23.8597,35.3472,73.13,84,66,11.88,light rain
600,Koslan,RU,63.4564,48.8989,37.58,98,100,10.56,overcast clouds
601,Orlik,RU,52.5178,99.825,3.94,94,43,4.21,scattered clouds
602,Fayaoue,NC,-20.65,166.5333,77.99,77,13,2.57,few clouds
603,Icod De Los Vinos,ES,28.3724,-16.7119,74.55,89,3,6.67,clear sky
604,Hendersonville,US,36.3048,-86.62,73.49,44,100,1.99,overcast clouds
605,Mount Pleasant,US,32.7941,-79.8626,64.0,92,100,9.22,overcast clouds
606,Kropotkin,RU,45.4375,40.5756,44.67,80,44,6.67,scattered clouds
607,Turbat,PK,26.0023,63.044,75.42,77,24,1.03,few clouds
608,Mayo,US,38.8876,-76.5119,61.21,58,0,3.44,clear sky
609,Umm Lajj,SA,25.0213,37.2685,79.52,57,14,4.47,few clouds
610,Beyneu,KZ,45.3167,55.2,42.35,64,100,15.73,overcast clouds
611,Port-Gentil,GA,-0.7193,8.7815,78.76,94,20,0.0,few clouds
612,Patitirion,GR,39.15,23.8667,60.37,64,0,15.97,clear sky
613,Kununurra,AU,-15.7667,128.7333,78.78,83,20,5.75,few clouds
614,Dingle,PH,10.9995,122.6711,77.94,91,100,17.43,overcast clouds
615,Leirvik,NO,59.7798,5.5005,49.86,83,2,6.02,clear sky
616,Churapcha,RU,62.0025,132.4325,6.44,94,100,4.88,overcast clouds
617,Sri Aman,MY,1.2376,111.4621,73.45,94,98,2.3,overcast clouds
618,Kaoma,ZM,-14.7833,24.8,72.48,42,78,4.76,broken clouds
619,Nanhai,CN,30.1282,111.7784,57.96,79,87,6.69,overcast clouds
620,Bagepalli,IN,13.7847,77.7931,67.35,93,92,6.49,overcast clouds
621,Buraydah,SA,26.326,43.975,73.85,16,35,8.21,scattered clouds
622,Puerto Madryn,AR,-42.7692,-65.0385,57.85,31,100,7.27,overcast clouds
623,Coahuayana,MX,18.7333,-103.6833,84.24,71,23,5.37,few clouds
624,Vallenar,CL,-28.5708,-70.7581,76.03,32,0,7.52,clear sky
625,Port Moresby,PG,-9.4431,147.1797,81.82,78,0,4.61,haze
626,Soe,ID,-9.8607,124.284,68.68,91,100,0.92,overcast clouds
627,Dzhebariki-Khaya,RU,62.2167,135.8,-10.21,100,99,1.45,overcast clouds
628,Murray Bridge,AU,-35.1167,139.2667,58.12,71,100,14.29,overcast clouds
629,Riverton,US,40.5219,-111.9391,58.44,42,0,5.99,clear sky
630,Moura,PT,38.1401,-7.4486,66.31,84,100,3.42,overcast clouds
631,Panguipulli,CL,-39.6333,-72.3333,43.72,92,76,6.67,broken clouds
632,Laguna De Perlas,NI,12.3429,-83.6712,86.09,75,89,6.4,overcast clouds
633,Vryburg,ZA,-26.9566,24.7284,72.23,49,22,17.45,few clouds
634,Baruun-Urt,MN,46.6806,113.2792,37.4,96,49,7.56,scattered clouds
635,Port-De-Bouc,FR,43.4,4.9833,69.96,91,0,8.05,clear sky
636,Villa Guerrero,MX,18.8667,-99.65,76.28,72,52,2.59,light rain
637,Flin Flon,CA,54.7682,-101.865,51.64,46,75,9.22,broken clouds
638,Praya,CV,14.9215,-23.5087,81.14,39,0,6.91,clear sky
639,Empangeni,ZA,-28.762,31.8933,66.81,68,49,15.05,scattered clouds
640,Simbahan,PH,6.3032,120.5836,83.17,78,93,21.14,overcast clouds
641,Launceston,AU,-41.45,147.1667,53.8,73,0,4.61,clear sky
642,Plouzane,FR,48.3833,-4.6167,59.32,88,75,14.97,broken clouds
643,Sinnamary,GF,5.3833,-52.95,77.16,91,100,8.3,light rain
644,Yancheng,CN,33.3856,120.1253,52.39,86,2,4.92,clear sky
645,Havoysund,NO,70.9963,24.6622,37.63,63,100,27.63,overcast clouds
646,Bondoukou,CI,8.0333,-2.8,74.7,68,25,1.32,scattered clouds
647,Auki,SB,-8.7676,160.7034,81.84,80,78,2.19,broken clouds
648,Hokitika,NZ,-42.7167,170.9667,57.79,87,66,11.97,broken clouds
649,Devonport,AU,-41.1667,146.35,57.02,56,0,4.29,clear sky
650,Jiblah,YE,13.9216,44.1467,58.89,50,76,3.22,broken clouds
651,Yenagoa,NG,4.9247,6.2642,74.25,95,100,3.67,overcast clouds
652,Adana,TR,36.985,35.2881,60.82,48,0,3.44,clear sky
653,Lakhdenpokhya,RU,61.5198,30.1992,40.78,93,86,18.77,overcast clouds
654,Monrovia,LR,6.3005,-10.7969,78.84,84,81,5.21,broken clouds
655,Kawalu,ID,-7.3817,108.2082,69.3,96,99,2.35,overcast clouds
656,Umm Kaddadah,SD,13.6017,26.6876,80.82,20,67,12.84,broken clouds
657,Biloela,AU,-24.4167,150.5,78.03,33,12,7.02,few clouds
658,Grand-Santi,GF,4.25,-54.3833,75.83,93,98,3.42,light rain
659,Riberalta,BO,-10.9833,-66.1,91.6,58,40,13.8,scattered clouds
660,Castlemaine,AU,-37.0667,144.2167,54.0,83,36,4.54,scattered clouds
661,Manbij,SY,36.5281,37.9549,62.91,23,0,6.31,clear sky
662,Batticaloa,LK,7.7102,81.6924,76.89,88,87,6.53,overcast clouds
663,Lund,SE,55.7058,13.1932,55.31,89,98,6.87,overcast clouds
664,Anjiang,CN,27.3194,110.1031,57.96,93,100,3.31,overcast clouds
665,Campbellsville,US,37.3434,-85.3419,70.72,29,100,1.99,overcast clouds
666,San Cristobal,VE,7.7669,-72.225,77.18,71,97,1.81,overcast clouds
667,Vorukh,TJ,39.8494,70.5838,49.12,58,52,9.4,light rain
668,Shahreza,IR,32.0339,51.8794,59.0,43,91,5.68,overcast clouds
669,Almaznyy,RU,48.0448,40.045,46.36,90,99,15.28,overcast clouds
670,Ambovombe,MG,-25.1667,46.0833,69.22,85,92,21.45,light rain
671,Encantado,BR,-29.2361,-51.8697,78.04,61,100,3.56,overcast clouds
672,Carire,BR,-3.9506,-40.4733,89.73,33,99,4.12,overcast clouds
673,Jaque,PA,7.5175,-78.1703,79.81,80,76,2.82,broken clouds
674,Lorengau,PG,-2.0226,147.2712,84.16,70,100,7.85,overcast clouds
675,Sur,OM,22.5667,59.5289,75.25,77,0,9.6,clear sky
676,Kudahuvadhoo,MV,2.6708,72.8944,80.82,75,36,10.98,scattered clouds
677,Susanville,US,40.4163,-120.653,60.8,30,0,4.61,clear sky
678,Do Gonbadan,IR,30.3586,50.7981,69.89,73,0,0.0,clear sky
679,Tolaga Bay,NZ,-38.3667,178.3,67.28,71,71,13.62,light rain
680,Oytal,KZ,42.9057,73.2697,51.85,51,100,6.53,overcast clouds
681,Chirongui,YT,-12.9319,45.1483,76.93,78,1,4.83,clear sky
682,Itoman,JP,26.1247,127.6694,77.02,83,75,17.27,broken clouds
683,Akdepe,TM,42.0551,59.3788,52.32,58,50,11.81,scattered clouds
684,Sabha,LY,27.0377,14.4283,69.31,41,47,6.17,scattered clouds
685,Arman,RU,59.7,150.1667,25.02,95,100,7.9,light snow
686,Mecca,SA,21.4267,39.8261,80.87,66,7,3.13,clear sky
687,Morondava,MG,-20.2833,44.2833,77.5,83,5,2.86,light rain
688,Hami,CN,42.8,93.45,38.43,29,0,10.8,clear sky
689,Totolapan,MX,18.5167,-96.1833,77.54,78,31,9.86,scattered clouds
690,Ballina,AU,-28.8667,153.5667,72.01,51,3,5.28,clear sky
691,Pangody,RU,65.85,74.4859,19.45,92,100,11.74,overcast clouds
692,Cajamarca,PE,-7.1638,-78.5003,68.07,30,20,6.91,few clouds
693,Algiers,DZ,36.7525,3.042,67.82,94,40,0.0,mist
694,Ewa Beach,US,21.3156,-158.0072,85.98,61,2,15.01,clear sky
695,Quelimane,MZ,-17.8786,36.8883,74.44,91,3,3.33,clear sky
696,Sao Gabriel Da Cachoeira,BR,-0.1303,-67.0892,74.07,98,100,1.23,moderate rain
697,Kostomuksha,RU,64.571,30.5767,34.88,92,100,20.98,light snow
698,Mbandaka,CD,0.0487,18.2603,72.41,95,100,1.32,overcast clouds
699,Khandyga,RU,62.6667,135.6,-7.29,100,100,3.22,overcast clouds
700,Manta,EC,-0.95,-80.7333,73.45,76,81,13.82,broken clouds
701,Alice Springs,AU,-23.7,133.8833,74.75,50,40,9.22,scattered clouds
702,Guerrero Negro,MX,27.9769,-114.0611,74.32,50,0,14.38,clear sky
703,Depalpur,IN,22.85,75.55,67.06,45,0,4.25,clear sky
704,Shahrud,IR,36.4182,54.9763,50.34,75,95,9.78,overcast clouds
705,Havre-Saint-Pierre,CA,50.2334,-63.5986,44.6,74,37,21.5,scattered clouds
